INSERT INTO users (id, username, firstname, last_name, password)
VALUES (1, 'user1@example.com', 'Иван', 'Иванов',
        '$2a$12$YgbyR/9h2muSOvy2rvgq.OJ9Z7JVWM3Y/YKor3MpK4rWbaJmC.wyO'), -- Пароль: password1
       (2, 'user2@example.com', 'Петр', 'Петров',
        '$2a$12$3YbjZHodcJaJITD92ChRPel16GJZg9XijW8jRXNhLes1N8gvektv.'), -- Пароль: password2
       (3, 'user3@example.com', 'Анна', 'Сидорова',
        '$2a$12$2LIIRBfP/AGVOEjAThQoCOt/AmBX9btNy46wy4zFV1.kERTAiE3Zy'), -- Пароль: password3
       (4, 'user4@example.com', 'Елена', 'Козлова',
        '$2a$12$1MEchfpSn9uj2.bT4/Fdk.xGVCmM9FiwEfhSGd1YTm1kCMvasi4em'), -- Пароль: password4
       (5, 'user5@example.com', 'Сергей', 'Зайцев',
        '$2a$12$t7FoZN6UPvQchwOAdzCVLOHVZCGOev4rertpSkDP02br/oM/6XfqS'), -- Пароль: password5
       (6, 'user6@example.com', 'Ольга', 'Васильева',
        '$2a$12$xA4240yt.9g2RqyDjyDmRu5xYKaECe0v09NBTlnKgM/hXBs00Uqlu'), -- Пароль: password6
       (7, 'user7@example.com', 'Алексей', 'Никитин',
        '$2a$12$gPNlJpah081AVGS3g/Zrg.4vPNSnPLFe4cj3E3zTb6w4BF8asHlty'), -- Пароль: password7
       (8, 'user8@example.com', 'Екатерина', 'Павлова',
        '$2a$12$zWuMCsbw0/oJR2wpYfjtF.7rPRhFUHncawy70S/ULZoyt8DxUo6.i'), -- Пароль: password8
       (9, 'user9@example.com', 'Михаил', 'Игнатьев',
        '$2a$12$E11SwPJoHyo8ABmU9fhCqOipo9HZu0fDn7QeradYyc66jGwCT9ssa'), -- Пароль: password9
       (10, 'user10@example.com', 'Лариса', 'Смирнова',
        '$2a$12$XvbrGcjOfI6fZDZ9JICaiOjUKGSK6qYcMzzY6YlZ1QscWpKv.DKe2'), -- Пароль: password10
       (11, 'user11@example.com', 'Дмитрий', 'Морозов',
        '$2a$12$0pmJ70uKRkyP5X5P.3ICAuIunANQvcbiGzD3FSCQJrcyaqH.VI9qm'), -- Пароль: password11
       (12, 'user12@example.com', 'Евгения', 'Иванова',
        '$2a$12$OHfDYLA7L9W6xAhEpo0bgeoDu2x4/.m36jFUJH9aqhvll9oOsne52'), -- Пароль: password12
       (13, 'user13@example.com', 'Александра', 'Петрова',
        '$2a$12$c.D2tb7Zm9rXURNmn3UlQeTvWGT907roQ9Bn5DBWLy40UAUtpgWU2'), -- Пароль: password13
       (14, 'user14@example.com', 'Игорь', 'Сидоров',
        '$2a$12$eKdnUFOax7qBZGcG.XXO4Ohsf8ugWDku31xPSn7KDITpwluPPEcLK'), -- Пароль: password14
       (15, 'user15@example.com', 'Наталья', 'Козлова',
        '$2a$10$CZ7Fj.Gw/.C5yMEgbAlF5uKxPFW3G6UfYp8uTR0M5fKcGqPT1Lyi2'), -- Пароль: password15
       (16, 'user16@example.com', 'Андрей', 'Зайцев',
        '$2a$10$CZ7Fj.Gw/.C5yMEgbAlF5uKxPFW3G6UfYp8uTR0M5fKcGqPT1Lyi2'), -- Пароль: password16
       (17, 'user17@example.com', 'Екатерина', 'Васильева',
        '$2a$10$CZ7Fj.Gw/.C5yMEgbAlF5uKxPFW3G6UfYp8uTR0M5fKcGqPT1Lyi2'), -- Пароль: password17
       (18, 'user18@example.com', 'Максим', 'Никитин',
        '$2a$10$CZ7Fj.Gw/.C5yMEgbAlF5uKxPFW3G6UfYp8uTR0M5fKcGqPT1Lyi2'), -- Пароль: password18
       (19, 'user19@example.com', 'Евгений', 'Павлов',
        '$2a$10$CZ7Fj.Gw/.C5yMEgbAlF5uKxPFW3G6UfYp8uTR0M5fKcGqPT1Lyi2'), -- Пароль: password19
       (20, 'user20@example.com', 'Анна', 'Смирнова',
        '$2a$10$CZ7Fj.Gw/.C5yMEgbAlF5uKxPFW3G6UfYp8uTR0M5fKcGqPT1Lyi2'); -- Пароль: password20
INSERT INTO articles (id, title, text, image_url, publication_date, author_id)
VALUES (1, 'Названы самые популярные имена кошек и котов в Москве', 'МОСКВА, 8 августа/ Радио Sputnik. Названы самые популярные имена для кошек и котов в Москве, сообщает портал мэра и правительства столицы.
Чаще всего хвостатым в Москве дают имена Муся, Барсик и Василиса. Из необычных имен встречаются Пельмешка и Тимон, пишет РИАМО.
Ежегодно восьмого августа отмечается Всемирный день кошек. Дата призвана привлечь внимание к проблеме бездомных животных.',
        'https://cdnn21.img.ria.ru/images/07e4/0b/09/1583700824_0:189:2968:1859_640x0_80_0_0_74a3458b729f5df18ca69470492675d2.jpg.webp', '2023-10-07 10:00:00', 1),
       (2, 'Эрмитажные коты попали в американскую настольную игру ', 'С.-ПЕТЕРБУРГ, 2 фев — РИА Новости. Эрмитажные коты попали в американскую настольную игру "Cultures of the world", сообщает Государственный Эрмитаж на своей странице в соцсети "ВКонтакте".
«

"Про эрмитажных котов снимают фильмы, пишут статьи в газеты, сочиняют книги, а недавно мы узнали, что наши пушистые сотрудники попали и в настольную игру! В американской настольной игре "Cultures of the world" каждой стране посвящена отдельная карточка с интересными фактами о географии, истории и культуре", — говорится в публикации.
Сотрудники музея особенно порадовала карточка, посвященная России. В ней рассказывается об эрмитажных котах.
«

"В Эрмитаже (Санкт-Петербург) работают 74 кота, которые охраняют бесценные произведения искусства от крыс. Они живут в подвале музея, у них есть свой начальник и ветеринар", — пересказывают в сотрудники описание карточки.
В музее уточняют, что сейчас котов в музее значительно меньше. Некоторые из них находят свой дом и любящую семью.', 'https://cdnn21.img.ria.ru/images/07e5/03/01/1599444361_0:321:3071:2048_640x0_80_0_0_060058dd597201b7503d8145752b1ef3.jpg.webp',
        '2023-10-07 11:15:00', 2),
       (3, 'Health and Wellness', 'Tips for maintaining a healthy lifestyle.', 'image3.jpg', '2023-09-28 12:30:00', 3),
       (4, 'Sports Update', 'Latest scores and highlights from the world of sports.', 'image4.jpg',
        '2023-09-28 13:45:00', 4),
       (5, 'Travel Destinations', 'Exploring exotic travel destinations around the globe.', 'image5.jpg',
        '2023-09-28 15:00:00', 5),
       (6, 'Finance Insights', 'Expert advice on managing your finances.', 'image6.jpg', '2023-09-28 16:15:00', 6),
       (7, 'Movie Reviews', 'Critiques of the latest blockbuster films.', 'image7.jpg', '2023-09-28 17:30:00', 7),
       (8, 'Food and Recipes', 'Delicious recipes and culinary tips.', 'image8.jpg', '2023-09-28 18:45:00', 8),
       (9, 'Science Discoveries', 'Exploring groundbreaking scientific discoveries.', 'image9.jpg',
        '2023-09-28 20:00:00', 9),
       (10, 'Fashion Trends', 'The latest fashion trends and style updates.', 'image10.jpg', '2023-09-28 21:15:00', 10),
       (11, 'Важные события 1', 'Это содержание первой статьи.', 'image11.jpg', '2023-09-29 10:00:00', 11),
       (12, 'Новости технологий', 'Обсуждение последних технологических достижений.', 'image12.jpg',
        '2023-09-29 11:15:00', 12),
       (13, 'Здоровье и благополучие', 'Советы по поддержанию здорового образа жизни.', 'image13.jpg',
        '2023-09-29 12:30:00', 13),
       (14, 'Спортивные новости', 'Последние счета и основные моменты из мира спорта.', 'image14.jpg',
        '2023-09-29 13:45:00', 14),
       (15, 'Путешествия и направления', 'Исследование экзотических путешественных направлений по всему миру.',
        'image15.jpg', '2023-09-29 15:00:00', 15),
       (16, 'Финансовые исследования', 'Экспертные советы по управлению финансами.', 'image16.jpg',
        '2023-09-29 16:15:00', 16),
       (17, 'Рецензии на фильмы', 'Критика последних кассовых фильмов.', 'image17.jpg', '2023-09-29 17:30:00', 17),
       (18, 'Еда и рецепты', 'Вкусные рецепты и кулинарные советы.', 'image18.jpg', '2023-09-29 18:45:00', 18),
       (19, 'Научные открытия', 'Исследование революционных научных открытий.', 'image19.jpg', '2023-09-29 20:00:00',
        19),
       (20, 'Модные тенденции', 'Последние модные тенденции и обновления стиля.', 'image20.jpg', '2023-09-29 21:15:00',
        20);
INSERT INTO themes (id, name)
VALUES (1, 'Политика'),
       (2, 'Экономика'),
       (3, 'Спорт'),
       (4, 'Наука'),
       (5, 'Культура'),
       (6, 'Технологии'),
       (7, 'Здоровье'),
       (8, 'Путешествия'),
       (9, 'Еда и кулинария'),
       (10, 'Мода'),
       (11, 'Образование'),
       (12, 'Искусство'),
       (13, 'Автомобили'),
       (14, 'Научная фантастика'),
       (15, 'Музыка'),
       (16, 'Спорт и природа'),
       (17, 'Здоровое питание'),
       (18, 'Туризм'),
       (19, 'Готовка и рецепты'),
       (20, 'Мода и стиль');
INSERT INTO users_roles (user_id, role)
VALUES (1, 'ROLE_ADMIN'),
       (2, 'ROLE_ADMIN'),
       (3, 'ROLE_ADMIN'),
       (4, 'ROLE_USER'),
       (5, 'ROLE_USER'),
       (6, 'ROLE_USER'),
       (7, 'ROLE_USER'),
       (8, 'ROLE_USER'),
       (9, 'ROLE_USER'),
       (10, 'ROLE_USER'),
       (11, 'ROLE_USER'),
       (12, 'ROLE_USER'),
       (13, 'ROLE_USER'),
       (14, 'ROLE_USER'),
       (15, 'ROLE_USER'),
       (16, 'ROLE_USER'),
       (17, 'ROLE_USER'),
       (18, 'ROLE_USER'),
       (19, 'ROLE_USER'),
       (20, 'ROLE_USER');
INSERT INTO user_settings (id, user_id)
VALUES (1, 1),   -- Настройки пользователя 1
       (2, 2),   -- Настройки пользователя 2
       (3, 3),   -- Настройки пользователя 3
       (4, 4),   -- Настройки пользователя 4
       (5, 5),   -- Настройки пользователя 5
       (6, 6),   -- Настройки пользователя 6
       (7, 7),   -- Настройки пользователя 7
       (8, 8),   -- Настройки пользователя 8
       (9, 9),   -- Настройки пользователя 9
       (10, 10), -- Настройки пользователя 10
       (11, 11), -- Настройки пользователя 1
       (12, 12), -- Настройки пользователя 2
       (13, 13), -- Настройки пользователя 3
       (14, 14), -- Настройки пользователя 4
       (15, 15), -- Настройки пользователя 5
       (16, 16), -- Настройки пользователя 6
       (17, 17), -- Настройки пользователя 7
       (18, 18), -- Настройки пользователя 8
       (19, 19), -- Настройки пользователя 9
       (20, 20); -- Настройки пользователя 10
INSERT INTO user_forbidden_themes (user_settings_id, theme_id)
VALUES (1, 1), -- Запретные темы для настройки пользователя 1
       (2, 2), -- Запретные темы для настройки пользователя 2
       (3, 3), -- Запретные темы для настройки пользователя 3
       (4, 4), -- Запретные темы для настройки пользователя 4
       (5, 5), -- Запретные темы для настройки пользователя 5
       (6, 6), -- Запретные темы для настройки пользователя 6
       (7, 7), -- Запретные темы для настройки пользователя 7
       (8, 8), -- Запретные темы для настройки пользователя 8
       (9, 9), -- Запретные темы для настройки пользователя 9
       (10, 10); -- Запретные темы для настройки пользователя 10
INSERT INTO user_favorite_themes (user_settings_id, theme_id)
VALUES (11, 11), -- Запретные темы для настройки пользователя 1
       (12, 12), -- Запретные темы для настройки пользователя 2
       (13, 13), -- Запретные темы для настройки пользователя 3
       (14, 14), -- Запретные темы для настройки пользователя 4
       (15, 15), -- Запретные темы для настройки пользователя 5
       (16, 16), -- Запретные темы для настройки пользователя 6
       (17, 17), -- Запретные темы для настройки пользователя 7
       (18, 18), -- Запретные темы для настройки пользователя 8
       (19, 19), --
       (20, 20); --
INSERT INTO likes (id, article_id, user_id)
VALUES (1, 1, 1), -- Пользователь 1 лайкнул статью 1
       (2, 2, 3), -- Пользователь 3 лайкнул статью 2
       (3, 3, 2), -- Пользователь 2 лайкнул статью 3
       (4, 4, 4), -- Пользователь 4 лайкнул статью 4
       (5, 5, 6), -- Пользователь 6 лайкнул статью 5
       (6, 6, 5), -- Пользователь 5 лайкнул статью 6
       (7, 7, 7), -- Пользователь 7 лайкнул статью 7
       (8, 8, 9), -- Пользователь 9 лайкнул статью 8
       (9, 9, 8), -- Пользователь 8 лайкнул статью 9
       (10, 10, 10); -- Пользователь 10 лайкнул статью 10
INSERT INTO comments (id, article_id, author_id, text, written_date)
VALUES (1, 1, 1, 'Отличная статья!', '2023-09-28 10:15:00'),           -- Пользователь 1 оставил комментарий к статье 1
       (2, 2, 3, 'Согласен с автором.', '2023-09-28 11:30:00'),        -- Пользователь 3 оставил комментарий к статье 2
       (3, 3, 2, 'Интересно.', '2023-09-28 12:45:00'),                 -- Пользователь 2 оставил комментарий к статье 3
       (4, 4, 4, 'Эта тема всегда актуальна.', '2023-09-28 14:20:00'), -- Пользователь 4 оставил комментарий к статье 4
       (5, 5, 6, 'Спасибо за информацию!', '2023-09-28 15:05:00'),     -- Пользователь 6 оставил комментарий к статье 5
       (6, 6, 5, 'Мне тоже нравится этот жанр.',
        '2023-09-28 16:40:00'),                                        -- Пользователь 5 оставил комментарий к статье 6
       (7, 7, 7, 'Жду продолжения.', '2023-09-28 17:55:00'),           -- Пользователь 7 оставил комментарий к статье 7
       (8, 8, 9, 'Полезная информация!', '2023-09-28 19:10:00'),       -- Пользователь 9 оставил комментарий к статье 8
       (9, 9, 8, 'Согласен, это важно.', '2023-09-28 20:25:00'),       -- Пользователь 8 оставил комментарий к статье 9
       (10, 10, 10, 'Хочу узнать больше.', '2023-09-28 21:50:00'),     -- Пользователь 10 оставил комментарий к статье 10
       (11, 11, 11, 'Интересный материал!', '2023-09-29 10:20:00'),    -- Пользователь 11 оставил комментарий к статье 11
       (12, 12, 13, 'Спасибо за обзор технологий.',
        '2023-09-29 11:35:00'),                                        -- Пользователь 13 оставил комментарий к статье 12
       (13, 13, 12, 'Очень полезные советы.', '2023-09-29 12:50:00'),  -- Пользователь 12 оставил комментарий к статье 13
       (14, 14, 14, 'Спорт — это жизнь!', '2023-09-29 14:25:00'),      -- Пользователь 14 оставил комментарий к статье 14
       (15, 15, 16, 'Мечты сбываются.', '2023-09-29 15:10:00'),        -- Пользователь 16 оставил комментарий к статье 15
       (16, 16, 15, 'Финансовая грамотность — ключ к успеху.',
        '2023-09-29 16:45:00'),                                        -- Пользователь 15 оставил комментарий к статье 16
       (17, 17, 17, 'Киноиндустрия великолепна.',
        '2023-09-29 18:00:00'),                                        -- Пользователь 17 оставил комментарий к статье 17
       (18, 18, 19, 'Я обязательно приготовлю это блюдо.',
        '2023-09-29 19:15:00'),                                        -- Пользователь 19 оставил комментарий к статье 18
       (19, 19, 18, 'Наука никогда не стоит на месте.',
        '2023-09-29 20:30:00'),                                        -- Пользователь 18 оставил комментарий к статье 19
       (20, 20, 20, 'Мода меняется, но стиль остается.',
        '2023-09-29 21:55:00'); -- Пользователь 20 оставил комментарий к статье 20
INSERT INTO article_theme (article_id, theme_id)
VALUES (1, 1), -- Статья 1 связана с темой 1
       (2, 3), -- Статья 2 связана с темой 3
       (3, 2), -- Статья 3 связана с темой 2
       (4, 4), -- Статья 4 связана с темой 4
       (5, 6), -- Статья 5 связана с темой 6
       (6, 5), -- Статья 6 связана с темой 5
       (7, 7), -- Статья 7 связана с темой 7
       (8, 9), -- Статья 8 связана с темой 9
       (9, 8), -- Статья 9 связана с темой 8
       (10, 10); -- Статья 10 связана с темой 10
INSERT INTO article_edit_history (id, article_id, edit_date, administrator_id)
VALUES (1, 1, '2023-09-28 10:15:00', 1), -- Статья 1 была отредактирована администратором 1
       (2, 2, '2023-09-28 11:30:00', 3), -- Статья 2 была отредактирована администратором 3
       (3, 3, '2023-09-28 12:45:00', 2), -- Статья 3 была отредактирована администратором 2
       (4, 4, '2023-09-28 14:20:00', 4), -- Статья 4 была отредактирована администратором 4
       (5, 5, '2023-09-28 15:05:00', 6), -- Статья 5 была отредактирована администратором 6
       (6, 6, '2023-09-28 16:40:00', 5), -- Статья 6 была отредактирована администратором 5
       (7, 7, '2023-09-28 17:55:00', 7), -- Статья 7 была отредактирована администратором 7
       (8, 8, '2023-09-28 19:10:00', 9), -- Статья 8 была отредактирована администратором 9
       (9, 9, '2023-09-28 20:25:00', 8), -- Статья 9 была отредактирована администратором 8
       (10, 10, '2023-09-28 21:50:00', 10); -- Статья 10 была отредактирована администратором 10